{"current_fold": 4, "completed_approaches": {"0": ["full", "text", "vision"], "1": ["full", "text", "vision"], "2": ["full", "text", "vision"], "3": ["full", "text", "vision"], "4": ["full", "text", "vision"]}, "full_fold_metrics": {"train_loss": [1.9149128491063308, 2.363051634482533, 1.9049443497172005, 1.775228142598753, 1.5603257373010246], "val_loss": [1.7783132351447488, 2.6129862805393254, 2.2636368948722554, 1.9916578868282175, 2.021707570162889], "test_loss": [1.7354989350958263, 2.4538809659329246, 2.231577310669288, 2.0018275056438948, 1.8608995758638847], "precision": [0.9026900177363066, 0.6218264749883193, 0.687957867086521, 0.7262611924376521, 0.7424811305022357], "recall": [0.8427985948477752, 0.40851873536299765, 0.49414519906323184, 0.4874121779859485, 0.5657201405152225], "f1": [0.8573163896430125, 0.43458372808725954, 0.5447824884886251, 0.5441862103293872, 0.6151761582515064]}, "text_fold_metrics": {"train_loss": [3.302928548786065, 3.650666571891838, 3.571073291033716, 3.559092946996175, 3.5341262736421], "val_loss": [3.352395847579029, 3.7194240817399784, 3.6620251307977694, 3.631159879336847, 3.5951740140112762], "test_loss": [3.347764549183935, 3.7079705549090094, 3.67643627513214, 3.609720553351699, 3.578017225872711], "precision": [0.0025966188692761773, 0.00028419136456639236, 0.0004236688658206748, 0.0003154349381793719, 0.0005992654078605395], "recall": [0.013905152224824356, 0.01288056206088993, 0.01331967213114754, 0.01288056206088993, 0.012002341920374707], "f1": [0.004122920436937868, 0.0005549099131273482, 0.0008161857811701608, 0.0006135065667824978, 0.0011340798544884278]}, "vision_fold_metrics": {"train_loss": [2.6135912199768585, 2.0712255924870315, 1.6981962211517316, 1.607732394365572, 1.423648145145778], "val_loss": [2.6135079142089204, 2.2577717563259267, 2.0831271448982096, 1.94637674204657, 1.820326903156031], "test_loss": [2.584453048777491, 2.1112880237986533, 2.008294883738743, 1.9288978632469749, 1.6857653510257993], "precision": [0.6154778192366853, 0.7356554047824041, 0.7282520899547132, 0.7610491831630071, 0.7594707007429221], "recall": [0.22497072599531617, 0.43223067915690866, 0.500731850117096, 0.5734777517564403, 0.5576697892271663], "f1": [0.2582901508868797, 0.51147186425598, 0.5651808845975003, 0.6321755945461432, 0.6200184409726632]}}