Fold,Full Train Loss,Full Val Loss,Full Test Loss,Full Precision (Val),Full Recall (Val),Full F1-Score (Val),Text Train Loss,Text Val Loss,Text Test Loss,Text Precision (Val),Text Recall (Val),Text F1-Score (Val)
1,1.9025847241107976,1.759316522105832,1.716240319866366,0.8992460444520165,0.8558255269320844,0.865282923907881,3.315077600769472,3.3924245812068476,3.349843534191003,0.0029757153641741594,0.012441451990632318,0.004441375047895476
2,1.9023628775771944,1.8169878665531907,1.6704771373602334,0.8986069680251403,0.8613875878220141,0.8704868712559702,3.2800209026705187,3.3872450155632516,3.336320167177179,0.0018107811263988127,0.014344262295081968,0.0030755948680292167
3,1.88142127475638,1.7462101960293601,1.7959068770265758,0.89963412116955,0.8509953161592506,0.8617163780975367,3.254273154975659,3.4008599842820213,3.319856739669257,0.0053561780734888865,0.01288056206088993,0.006558248676531256
4,1.880942381307727,1.7223851354879753,1.8086131241884125,0.9000198867369364,0.8479215456674473,0.8611846530567048,3.234211908430908,3.3573057384134453,3.2766081492664214,0.001616908351842055,0.014637002341920375,0.0028114123058713236
5,1.8770086276028697,1.791589256201949,1.7624897798348902,0.8940459492552784,0.8518735362997658,0.8607057960757235,3.2308599737405217,3.3986294069022778,3.319399152355694,0.0032690040643161256,0.014929742388758781,0.005050939870969406
Average,1.8888639770709936,1.7672977952756614,1.7507454476552955,0.8983105939277843,0.8536007025761123,0.8638753244787634,3.2628887081174156,3.3872929452735683,3.320405548531911,0.003005717396044008,0.013846604215456675,0.004387514153859335
