train_loss,val_loss,test_loss,precision,recall,f1
3.302928548786065,3.352395847579029,3.347764549183935,0.0025966188692761773,0.013905152224824356,0.004122920436937868
3.650666571891838,3.7194240817399784,3.7079705549090094,0.00028419136456639236,0.01288056206088993,0.0005549099131273482
3.571073291033716,3.6620251307977694,3.67643627513214,0.0004236688658206748,0.01331967213114754,0.0008161857811701608
3.559092946996175,3.631159879336847,3.609720553351699,0.0003154349381793719,0.01288056206088993,0.0006135065667824978
3.5341262736421,3.5951740140112762,3.578017225872711,0.0005992654078605395,0.012002341920374707,0.0011340798544884278
