train_loss,val_loss,test_loss,precision,recall,f1
1.9149128491063308,1.7783132351447488,1.7354989350958263,0.9026900177363066,0.8427985948477752,0.8573163896430125
2.363051634482533,2.6129862805393254,2.4538809659329246,0.6218264749883193,0.40851873536299765,0.43458372808725954
1.9049443497172005,2.2636368948722554,2.231577310669288,0.687957867086521,0.49414519906323184,0.5447824884886251
1.775228142598753,1.9916578868282175,2.0018275056438948,0.7262611924376521,0.4874121779859485,0.5441862103293872
1.5603257373010246,2.021707570162889,1.8608995758638847,0.7424811305022357,0.5657201405152225,0.6151761582515064
