train_loss,val_loss,test_loss,precision,recall,f1
2.6135912199768585,2.6135079142089204,2.584453048777491,0.6154778192366853,0.22497072599531617,0.2582901508868797
2.0712255924870315,2.2577717563259267,2.1112880237986533,0.7356554047824041,0.43223067915690866,0.51147186425598
1.6981962211517316,2.0831271448982096,2.008294883738743,0.7282520899547132,0.500731850117096,0.5651808845975003
1.607732394365572,1.94637674204657,1.9288978632469749,0.7610491831630071,0.5734777517564403,0.6321755945461432
1.423648145145778,1.820326903156031,1.6857653510257993,0.7594707007429221,0.5576697892271663,0.6200184409726632
