epoch,train_loss,val_loss,test_loss,train_acc,val_acc,test_acc,precision_val,recall_val,f1_val,precision_test,recall_test,f1_test
1,2.2496234591029567,0.0,0.0,45.06367096018735,0.0,0.0,0.0,0.0,0.0,0.0,0.0,0.0
2,1.9028783514572252,2.0831271448982096,2.008294883738743,49.531615925058546,50.0731850117096,50.50351288056206,0.7282520899547132,0.500731850117096,0.5651808845975003,0.72601657722279,0.5050351288056206,0.5697112471617376
3,1.787639246437812,2.0831271448982096,2.008294883738743,51.46735948477752,50.0731850117096,50.50351288056206,0.7282520899547132,0.500731850117096,0.5651808845975003,0.72601657722279,0.5050351288056206,0.5697112471617376
4,1.6981962211517316,2.1453614950737108,2.023491656735595,51.63934426229508,35.201990632318505,36.0655737704918,0.7309954854870898,0.35201990632318503,0.41218721140742826,0.7302671838307291,0.36065573770491804,0.41476811308458206
