epoch,train_loss,val_loss,test_loss,train_acc,val_acc,test_acc,precision_val,recall_val,f1_val,precision_test,recall_test,f1_test
1,3.57712722662182,0.0,0.0,3.9629683840749412,0.0,0.0,0.0,0.0,0.0,0.0,0.0,0.0
2,3.256153192397303,3.1147053720795106,3.0192628219333035,12.357289227166277,15.442037470725994,15.456674473067917,0.3757040550610166,0.15442037470725994,0.14501224408544916,0.37956068338341825,0.15456674473067916,0.14412261032768936
3,2.9867024578031947,3.1147053720795106,3.0192628219333035,17.085040983606557,15.442037470725994,15.456674473067917,0.3757040550610166,0.15442037470725994,0.14501224408544916,0.37956068338341825,0.15456674473067916,0.14412261032768936
4,2.6135912199768585,2.6135079142089204,2.584453048777491,30.803571428571427,22.497072599531617,22.857142857142858,0.6154778192366853,0.22497072599531617,0.2582901508868797,0.6233702590596734,0.22857142857142856,0.2661388009068103
