epoch,train_loss,val_loss,test_loss,train_acc,val_acc,test_acc,precision_val,recall_val,f1_val,precision_test,recall_test,f1_test
1,2.8348296485684235,0.0,0.0,41.656908665105384,0.0,0.0,0.0,0.0,0.0,0.0,0.0,0.0
2,2.171677201916518,2.2636368948722554,2.231577310669288,54.566744730679154,49.414519906323186,49.824355971896956,0.687957867086521,0.49414519906323184,0.5447824884886251,0.6912138389576113,0.49824355971896955,0.5467104642298819
3,1.989405361774096,2.2636368948722554,2.231577310669288,53.725117096018735,49.414519906323186,49.824355971896956,0.687957867086521,0.49414519906323184,0.5447824884886251,0.6912138389576113,0.49824355971896955,0.5467104642298819
4,1.9049443497172005,2.179114498267664,2.0904567558667186,52.64563817330211,46.15046838407494,46.72131147540984,0.7210538615346903,0.46150468384074944,0.5224321394727499,0.7207381671953528,0.4672131147540984,0.5233592479204116
