epoch,train_loss,val_loss,test_loss,train_acc,val_acc,test_acc,precision_val,recall_val,f1_val,precision_test,recall_test,f1_test
1,2.001454081656782,0.0,0.0,50.929449648711945,0.0,0.0,0.0,0.0,0.0,0.0,0.0,0.0
2,1.624777299423966,1.820326903156031,1.6857653510257993,54.991217798594846,55.766978922716625,56.54566744730679,0.7594707007429221,0.5576697892271663,0.6200184409726632,0.7586965617130315,0.5654566744730679,0.6232884856838553
3,1.530056973775321,1.820326903156031,1.6857653510257993,56.853776346604214,55.766978922716625,56.54566744730679,0.7594707007429221,0.5576697892271663,0.6200184409726632,0.7586965617130315,0.5654566744730679,0.6232884856838553
4,1.423648145145778,1.8664579193725763,1.7228826862595947,59.15910421545667,50.468384074941454,51.08899297423888,0.7720821717632507,0.5046838407494145,0.5731882280836958,0.7722680333864286,0.5108899297423888,0.5736319521242373
