acc,precision_w,recall_w,f1_w
0.932436,0.945199,0.932436,0.935191
