fold,val_acc
fold,val_acc
1,0.922248
2,0.91089
3,0.919672
4,0.920023
5,0.921311
